Severity,Temperature(F),Humidity(%),Wind_Speed(mph),Visibility(mi)
1,72.41767236174837,61.90745194125565,7.142301632986943,9.475378663575741
2,61.54718399727353,64.66564512489627,7.566564317824415,9.08660425829708
3,62.201116730539674,65.38138858425411,8.317192425591083,9.09271674760763
4,58.141514472342536,67.3019811492486,7.656265678480283,9.060767632225854
