Feature,Percentage
Traffic_Signal,14.799607783971677
Crossing,11.305880626686477
Junction,7.392764913383039
Stop,2.7738104449643743
Railway,0.8666613011707218
Give_Way,0.4733454324404268
No_Exit,0.2528985970435772
Traffic_Calming,0.09831279305894602
Bump,0.045468696342344864
Roundabout,0.003221885426648797
